0,1,2,3,4,5,6,7,class
211358.30968153127,39376.79807181756,11093.004641979755,7492.978210470089,3878.9500253993965,2671.755930608419,2588.352103459094,1831.461085538136,0
109821.31014193737,36005.08529933078,24901.678527583135,24894.55639060952,12338.219409273359,8373.393876153381,7548.948059938723,4859.523106405419,0
2549783.5531033888,1125443.544382216,589097.6516970126,339185.23764714494,221951.00977189455,160233.3755509409,128117.42093292996,85033.2288779449,0
9199571.191794451,3468012.236811631,1598714.4743583852,928099.5129117954,607331.5583704279,418001.15527124534,298267.49468405714,227734.92007535393,0
840013.452727702,158520.45601523225,63305.29718984634,44205.80340730856,21186.946850900167,12504.818129100482,11438.60183849193,7311.9598594046,0
539919.5127250283,89404.07507835951,20071.084384603684,8902.259355320157,4336.025813902022,3105.4989267805213,2929.749295011598,2283.8125838321575,0
9139.97793666242,1759.0282778581275,998.0942701634507,797.8130649727964,664.1169214029164,564.3472190261015,537.1639538132357,458.37536821001464,0
31615.880766098522,8538.307517803769,4576.043330159074,3464.5565829037337,2927.9807250594326,2647.7929909920827,2399.196075738044,2077.333706885228,0
4798095.955830194,1975054.7931612225,854497.3962703885,482244.71922726475,296090.49078225327,222651.2938350171,154209.29871651606,104524.82862614958,0
2177312.8012560327,1634760.2958678815,548929.9952210152,354720.7782576663,208394.69541811204,144297.93262118642,114455.35147635784,77714.71683064144,0
1314312.1193676228,382035.1028356866,214444.53929629526,149533.681796422,95188.35630699003,69193.32363801333,56282.93222599263,38310.263271798816,0
124105.76874187523,91284.96835829789,60573.54259786638,67624.53808594153,52178.626707315336,29019.491129752674,34012.07629651639,18020.67342601593,0
1936137.9273026309,803548.2525684804,342381.21498279297,200428.2028917456,120115.86638363411,78849.3991067029,57891.24346197005,42330.969168834694,0
3566987.145414745,904608.770378588,398901.62508570775,249594.97115977068,153297.14257379857,115989.02105979015,83000.9074679064,67318.17719987508,0
2368095.186462506,820391.0173270206,361653.876450784,208292.24023317668,136366.5151435778,98376.2315609104,71228.46859557091,48055.733802608476,0
3382100.1829955652,1229116.7667577665,523437.4318229206,270974.11278374953,209877.3856977674,127697.55708230026,100115.89232407612,72020.9192571577,0
1314199.5203819568,743667.0315583693,323531.31639281614,190695.33409076722,106762.65581074392,75514.90391319663,56511.3611235811,54429.78602138566,0
1193865.7371325141,575023.8221757221,402972.1219533639,331312.6532657638,140780.42874433633,146478.00418720779,112158.02711484126,60948.04622265809,0
3117159.2170812483,800540.5362931835,446240.63031097886,271315.0391629448,166249.10843356777,114001.07240384715,85077.96991657576,64464.97240335291,0
26890.48096500655,7793.078071710083,5171.6053866162365,5129.599471613234,2264.380009679871,964.7829572332548,926.5620063481803,763.9447342582866,0
23325.626639073864,6537.200483265783,4001.4950117048684,4153.668929193084,3382.8849615599406,2861.930528023398,2600.532044121051,2254.4079092660213,0
442126.226294145,506691.5849746658,176476.75567388834,112812.80610776458,45609.08049329912,38001.679043812044,31334.706154964744,18891.09167849418,0
25459.76975261343,6506.529336278295,2497.740393394502,1886.9852298841433,1692.0150660968459,1793.0257138234927,1521.9631863087645,1190.864295046507,0
265195.41904377466,50722.939114124434,16968.01055190692,9617.939897660759,4635.452112051056,3225.5370390433613,2966.7705808977203,2270.201479093716,0
866369.4682301908,901902.7744352111,697879.3488026361,305605.60393257707,166220.03568531334,174646.39468708905,86413.24908631136,70244.84493388087,0
44611.75121989049,8506.462799591209,4207.3068374159175,3075.5077272046465,2637.783094367223,2346.76470068659,2224.969037093092,1794.6355651602796,0
54729.26234314257,14066.399905352337,5728.315024261312,22182.429585846923,16023.312410362272,3247.7102102370272,2517.0880551897712,2614.7765890135493,0
61243.65829867572,12956.083714697985,5479.710919784879,4572.066771172742,3735.244001077502,3263.9729719944185,2961.51224300087,2190.736439006436,0
66269.76671647873,25435.760432378698,9596.491657963741,6020.990423729283,4026.321244328303,3608.2488180795153,3154.233022878029,2484.3092192389836,0
106651.97703692953,18706.944701616234,5348.916345334402,3070.7548801635967,2310.4303057073885,2093.6435211380713,1858.5128713511626,1614.0008895736478,0
45572.109181502536,14699.730042998808,6527.153179094075,3969.392361507733,3345.9021544296443,3087.4238658259037,2642.356914022403,2267.1423994413285,0
716276.7819375796,146904.7744602428,46755.166073568704,27723.648030988545,14966.447576849047,9382.253247973054,7516.047870030466,5643.506437576342,0
1542358.343537605,267269.1747672049,105256.3619148909,80507.80204323851,37732.559246022756,25197.022113723877,21345.175261071796,15416.60422543663,0
937263.6340370141,494473.98968637455,302291.2673288021,225133.66785864992,139487.0962266657,91214.75211642569,62420.88970830942,40129.871479267946,0
3032404.0483531617,1482092.9556697072,592131.5419281465,355532.5215900385,220591.58342550846,156458.73940675738,127198.44400920754,85085.58555728829,0
1179165.6945446644,213762.50527703643,141497.65559947275,74664.29922470849,48825.767111225396,36184.38361164254,28093.70409492798,20503.428309987954,0
803651.4639531791,296877.76544783637,150237.9448117481,98835.86548624012,63584.65495660323,51517.58381095591,34776.34581057128,26141.70502387501,0
5543655.65042575,2441338.0999570563,1083047.3030976597,635444.0451686609,400236.32002272375,305234.3487432966,211576.53967302872,155376.81079935588,0
527720.3808898949,579265.7434245773,407767.34802940296,355032.14694543846,226928.69935550384,131353.45060892036,89658.53425467668,81693.65610849147,0
6831455.13907508,2700277.749435695,1227917.3231833053,688330.3418562924,435315.2426619969,311946.2418318861,226689.0531088147,168001.00043453972,0
25637.74030649851,7747.398546600988,4376.569229894664,3337.5510031743365,3310.276867731404,3122.7810953686135,2573.46973027842,2284.9727175885428,0
15756.472070432132,4482.541343752357,1469.3543976015246,1086.513268164925,1051.3355103094832,871.2776508715125,817.2821023347241,731.9601462023062,0
4178754.980667926,1667294.3964032517,792309.9146076804,453196.3648462347,282914.97749019234,207307.58139034407,158265.87291474178,111660.86881692169,0
2281478.0255112643,1301211.8608827312,1265374.985022623,678134.7743459301,493829.4508528419,298128.04190559365,233757.90078720025,153686.89583047357,0
1640879.2155780133,819834.3864936534,351938.92186018144,192688.9446819742,146321.19850913112,106518.79109866642,67663.87381533052,51551.08606541125,0
890332.3947896373,419983.770594823,190181.72012405336,101919.86128092179,64089.58079815793,49742.99386341697,38019.06771941447,24910.68745341811,0
1911063.342555219,349934.87994091463,173181.94625403144,132439.48125295524,70952.64431331267,51439.63575354713,35382.1150555534,28987.751329127197,0
446061.91802921845,76775.78930992118,24400.439458542045,17793.350396429476,7570.242954611972,4755.23336476854,4647.877139928165,3070.0557892712723,0
1968413.794256925,600882.8544428291,562121.4053426406,337140.070148829,204402.41285488996,152847.0075277185,97171.68399069116,72154.74691914281,0
3553494.960415642,1624790.5583242108,718188.9475848904,443577.12025657704,280676.85672419914,197960.49249868703,138357.14576422854,101604.67569216651,0
19129.649229622577,5563.166656749909,2228.51652194069,1638.576582797455,1328.6074500558013,1266.4052905157478,1124.374350818823,1021.649559336405,0
1914826.124509169,1308230.2764179513,755290.8219268277,533708.0303951453,334792.2826726088,184483.31812361197,163558.16496935312,116672.56185065884,0
31289.416563992854,8259.301972728059,9984.696712201689,7046.122769692186,3102.3946733301077,2599.4190546862924,2169.987977081205,2051.7048585936063,0
297029.11567099823,81115.79005162562,46772.896219389324,44701.11485430504,20791.312695144614,12072.872139663128,11634.778986381374,6846.940595028198,0
558150.1642949524,133582.38581528564,74593.30321334527,63353.73862505866,28692.109721896588,15986.017989264412,15715.108573881662,10876.23013611606,0
2974586.113414132,2211635.108386303,1125538.7056433498,655639.3002889379,370968.60123650834,300376.4797387517,230892.28132880895,153691.823574902,0
2263341.010549616,440647.911390824,297044.00355489063,154794.54625207873,109583.14184339979,79742.62560786982,47530.201748590414,50747.31455335456,0
50935.63661731915,10579.112422666623,4863.1040194532325,3736.7026308557474,3028.067002238354,3094.60619601737,2627.592279816554,2001.2895426345153,0
2756563.361510694,908313.6889261816,369699.5790299287,209910.80365932046,134836.57417570445,97301.38903542941,70697.57004365398,48011.68890376892,0
1776544.2157042928,4377682.502311278,2139064.23660477,1250959.8121786136,622908.9447034387,422703.1971813243,215718.81305153377,159764.81165706736,0
1659840.980115164,814626.9444503718,623399.1135461574,490116.6548159248,255611.78764087695,184342.51651488603,121000.55990722238,112897.71727027399,0
1413478.7316445173,539313.5280466309,174433.32157932382,85256.52578445918,68020.2925268323,49708.559611533514,32237.44801355733,22956.437805135087,0
9537081.730082141,5483115.897520871,4190075.6742995977,3375091.03542879,1775589.699583423,1777494.7342442782,1142215.7086811396,788068.8710370298,0
288384.46558870724,197755.58204232767,212595.20450359047,190726.49699000095,142992.91200544866,75802.5766069495,60461.85139717436,33061.577142769645,0
927474.06900641,1023608.2185207987,383829.69597887556,210357.50933940624,129362.21041672846,90223.10485233681,74991.1440743652,47366.302068848425,0
384799.87143837573,188111.9999145106,103203.03652317163,76361.0292842908,28730.642475518533,15750.90771265261,16957.722740670917,16928.80042611233,0
970930.823468607,201520.75668424874,78275.5563146679,52526.833975627145,21288.763945010614,17720.98097322065,18089.05698563859,11430.07943997458,0
173973.399598867,47195.72575154107,25553.092167242114,20532.537088318677,8786.961556890015,4938.254323140181,4776.727514475521,3930.6842505020622,0
1867316.1930987083,1918485.7015091616,1212345.2135488156,796298.6483440095,436871.49100851046,284410.7539280166,198374.44867831044,132072.96809980352,0
509815.7564510768,148709.98214972077,32331.769734098092,15634.110010933991,8183.489360951765,4481.808403005951,4292.182994062984,3209.6609440849675,0
74549.99154831337,13133.60130884012,5420.286859999961,3780.2049746829107,2956.3226550675513,2396.63951314808,2153.4723761428577,1741.0001406884328,0
779800.1659007339,700373.9406952296,203207.51033300295,144176.5969300012,119219.37430662129,114509.87603314877,55998.937419201204,56703.74271723962,0
28009.82447101668,7093.397696217179,4921.416888862333,3861.1252799657073,3122.5110028247896,2986.5019216937285,2829.6223103594116,2189.7024256116497,0
87082.18857448862,27550.937570858932,9880.032917246626,6659.239230716011,4088.6322551468597,3111.1317134379697,2914.831474686545,2324.8528476267375,0
618330.9037915322,116625.48294710359,23305.962463613345,8091.31453343078,3766.23494909602,2524.3391035753853,2133.5502606536006,1802.561351723079,0
37395.969104814205,9146.96091132658,4851.24205690747,3806.212559824282,3185.6337956678376,3175.5239839185774,2465.0241167635168,2054.3053020732623,0
652943.0475756367,337563.9186268767,304252.41842912504,247375.20530588654,164263.0936897617,119236.40006141679,75139.56177845965,50076.93485386104,0
2087791.8177595655,1112263.1909313519,398486.6855307841,237713.88496160074,162413.27828200028,103831.55113653207,79042.89652940702,67674.05535989691,0
22082.432559898614,7898.615523219106,4065.305320993212,2937.18585149371,2631.0467322821373,2371.3563987834864,2065.3037098786976,1848.39384846169,0
4318972.405524683,538262.7652859291,95038.249449931,58301.927016452595,22324.596266216555,4178.516110127168,1001.7461409029012,689.7720645248637,0
1152729.0218009925,612619.8627752191,262946.01787625963,130727.47415324996,84258.17781861433,72275.29557578132,50738.71965491185,37394.1802477942,0
592162.2964575394,282594.66921508306,141587.53533744047,79776.70667273118,59494.43023301859,41994.1612408638,30399.57493291149,21524.47595879483,0
1680441.6733160533,600390.0155927707,264939.2906690508,168270.9690575178,105300.46749223021,70608.1176291851,55032.87981730032,37366.64165699496,0
455181.1739645274,130012.83122223864,97637.02024163077,116184.44362256488,55760.06897566406,34383.22454531797,30153.862095337576,19033.102422791195,0
3829517.296750152,1728602.3306536693,1252200.6461942089,997046.0998565817,600351.5471759745,329798.842136506,276377.93040769914,208092.79758969488,0
4691173.414047849,3277923.621656044,1531382.1687759736,869033.7446581855,559963.5428731544,416022.16056190076,314297.5281766423,228676.6544515574,0
350192.753106722,74039.71523754249,21942.43649916788,12382.503388452187,5075.458949819866,3263.305672201852,3233.9144486953896,2777.496007140329,0
233494.45358937225,138690.62502378045,86404.30334807243,53529.19889655669,24398.25617521374,17293.12014648968,20076.82402018562,10973.953169633509,0
1379191.9178473016,1154834.9079500386,455369.7931115451,272193.72293210623,165292.0400788338,122534.38953353575,107842.13917141939,72607.84202721543,0
5976278.347650488,1737269.9250856799,914807.1028103253,502009.5486418663,363776.3557546361,235297.2345604797,177975.11357512005,124407.25574285115,0
29472.41951374637,4622.893644585764,2036.655452876779,1565.7037382307283,1380.8455017599401,1200.8632907468036,1084.1052700299545,975.9763710712373,0
142832.39295166597,56306.823903909266,27097.667352529657,22108.778495538885,9548.015067694396,6295.091141226415,6213.044317367926,4377.58556926665,0
3884815.604803386,2089813.2604189785,894393.623274676,515930.2381000405,339133.8549674607,220719.13727612316,169326.16949095813,117059.66792744008,0
5632320.584398965,3346625.6771459263,2027695.9248684444,1214277.937393106,734204.7155446152,541287.6455773448,404416.1511484537,298153.66565709846,0
1094146.3323002385,421494.09988268645,130064.16102352235,83091.93453407464,69928.62745783135,49104.05708518476,35245.69142048813,25925.540390634364,0
4883936.959867914,1314344.4575513008,666797.9424262604,381762.6206680479,227055.1406561724,174499.67385849156,124830.98570979168,98577.43236104546,0
1483339.3069243135,659392.4798205869,553207.5637025483,241680.79518000846,175180.30702857097,117857.8499174973,92901.04016212393,71894.89437462106,0
3906431.8690157607,1318609.4564032485,626739.3230664271,314468.8555271302,224294.632688531,155641.96503298328,121503.62539495144,78607.9880270794,0
35588.469320621996,15108.216856494351,4560.693302780643,3224.1498942599283,3038.078176731984,2815.681424585656,2159.1904366313997,1746.7749958165373,0
143922.28454255572,28897.338425116257,8812.688539810453,5624.436905318292,3170.7681590818997,2447.3573844134685,2411.256535467461,1702.2894683765737,0
547523.7417427687,241453.0744340626,61449.0167484628,23339.944236921157,9663.53373529499,4790.457614763364,3698.3048122397754,3084.0418057825627,1
505806.3294811697,149118.2142204897,39777.23686843773,12450.914902786759,5440.378379081468,3811.4293883844452,3189.225922625399,2509.399021219719,1
423507.4269384121,147302.81297145243,38217.44304072729,11640.755004906014,4709.418422724073,3217.388397242931,2747.246760198594,2429.665955754981,1
448387.3498485004,94733.88325566938,25329.849083601544,6535.345273146057,2945.686891797606,2150.213312018993,1908.3283530905626,1550.1855683726235,1
1102802.511615559,364298.88734415005,206690.498092888,164649.66520401693,103409.20233193203,60240.115027028616,30825.60521707864,22778.948614529112,1
787232.436225557,155994.3393673381,33011.6427282159,7944.460524691494,3848.039593528922,2829.934921203972,2434.8013269173002,1894.6317515000026,1
1288975.7258510015,602576.8742103522,191923.59691904063,101591.50563105718,80537.63958731933,60878.3357009131,39261.65480150375,27637.623738596787,1
5866356.229123877,5073032.247210578,2448580.249265811,1300397.2095495826,950608.439223706,647424.6121651112,461850.01531376597,312056.4537887895,1
4616150.0161791975,2024074.3740996232,923152.1481059159,520550.76408789784,355011.32911442145,245375.9287161257,178351.96773996166,134093.96736371153,1
202097.4482554479,60300.20317377593,12942.77558375947,5024.407126732144,2027.2329527597522,2837.691014458737,2565.7485358695326,1282.5589312717252,1
1363764.7413681631,791579.6295984078,543611.1755965656,290308.26121466386,198726.55535779765,208900.917607584,120253.5182571403,83671.91191842736,1
953387.4761210808,306964.21150631545,77574.30135785039,45382.23291229762,27405.22389016364,17278.442194306383,16164.875962255526,11258.521813444679,1
580992.8361127042,175983.76229982878,47422.25357522953,13414.491995870627,6481.623417251907,3839.1503065921975,3051.9290481174185,2743.242540356214,1
377997.8063715913,115094.26157071817,30453.440604825002,13692.590786476696,4952.662432133287,3004.3769736030517,2312.2435688049645,2025.2958038827346,1
453432.57842235797,217205.44412080632,65240.88431187852,27269.56593041047,12071.78388786667,9748.758697777208,6829.631226674863,6385.825284333715,1
503857.76544914907,123217.99816275647,31669.70690723684,8767.956682998458,4093.2670092043527,3147.6287512873537,2485.295188964249,2144.8284985778864,1
873081.773117139,681349.8352093408,389558.8348753827,236803.6897802329,149433.77089241805,81556.13280908916,68090.38372534892,57488.11182842729,1
638912.7734977135,179187.13640549604,42506.0267858073,11957.750881330714,6068.65883331989,3905.037449532616,2847.776483561028,2232.993797767706,1
350008.7127306333,165535.85749341012,39882.93296738401,12906.685037384219,7322.359711329096,5939.580248084727,3671.505426166966,3832.607679713088,1
480580.51763914013,184757.32076363743,136872.21398882222,139454.15043273152,117787.95675765241,52238.68197360829,78535.47477830334,57751.887285928125,1
8981655.102181109,3218811.8921423107,1540770.8171983627,872487.3934921222,559836.1211973584,393366.276349975,282633.6288979636,207790.55659317292,1
545355.4815312144,160618.71271527896,38913.98291195181,10937.993187854496,4819.819384513124,3414.9193899711167,2843.219083539074,2228.965234393797,1
1836099.9400126222,860689.8323270576,429390.0182947543,241634.34005105047,160108.7751305254,115021.7790140242,87249.45080907672,61310.55400648859,1
605614.0372317911,133781.92707808793,30348.514702079716,8958.034800560263,4491.328630299709,3301.012393067218,2804.085416930108,2217.3025022462143,1
723690.3329651506,129898.9793272656,26544.328414068033,7013.504879028149,3616.453139673859,2803.0360547231917,2243.382698489192,1909.1980895275708,1
866492.2547561654,315665.9627677799,220492.12673518035,182261.07707402838,156307.17015337155,118729.67396137744,78726.05488994405,55136.552363900824,1
922888.5420519157,769761.9662447547,184908.50488238467,131481.26799900676,50377.637582008,47856.65453621865,33649.291991457256,26736.445476732577,1
6980581.735376746,2632539.8866446097,1214653.25515781,684815.5183886633,436584.65010527126,305104.3154892847,225996.45424478714,165034.49910550288,1
1567693.4390384117,347563.60318822047,149708.11187754708,71732.68832486952,39094.9747380959,34836.108040975545,25896.561498156727,18668.498080655834,1
526182.6207510818,106179.01112024816,22586.400617741783,7659.2173973319195,3394.4284645134567,2321.6444177535477,1933.0971080382435,1633.0086820254571,1
41930.045697888985,13141.923161574272,3176.4094118463795,768.5494426179325,331.5495856163648,233.85606175612264,209.72097354854404,291.2409675998685,1
633642.54640583,247068.8581916103,65212.43934935986,17528.8652002854,7109.505665619492,4566.182297326522,3558.368804289014,2564.3813430710975,1
7537250.301840854,3441089.050217277,1658449.9394283115,904126.7573995161,616784.0006128723,435719.1844276081,311319.1202832407,228252.87165833314,1
398986.9123263526,92804.45025878324,22619.624430337044,5895.97079998292,2691.322127983006,1887.8563740267555,1688.8554000556217,1540.4746371238523,1
477526.7090053797,159659.01447876985,41089.06266827761,12970.454322424275,5724.953671471625,3720.139370373828,3029.6248972604994,2465.5363124227474,1
10062830.43859059,3734421.405320972,1716804.3750767782,948876.332773273,601941.2409399212,416586.26031967887,313983.82494744414,218737.94033782958,1
274828.74731983553,133280.16206790993,32499.517121354937,13574.729260143788,6830.129756921222,11373.957460411615,5092.001280834878,4295.023589236652,1
399697.8881106054,169762.31837802712,39934.63621444515,12153.165920901612,5071.318608126367,3380.813445984067,2845.5008560670844,2255.3549511145,1
454666.4124983167,149107.07163630245,39438.08485337241,12148.053285673417,5176.349846991177,3353.106476523555,2801.0278484305436,2383.997814954364,1
733349.7009825626,165644.32377176004,36396.76348781352,10600.788216450857,5462.001813583112,3863.516132827976,3391.075091078785,3039.939132496508,1
1048478.2460346663,487151.6322152533,127582.19499273512,55986.87424057381,28999.682832196508,19568.000222600225,16385.795594728585,9644.948345119126,1
517860.94440331886,338232.97246414,254467.64868146426,94915.46269830297,106336.56320981694,152420.90440236742,114232.74449420364,57240.701098134974,1
999474.618972505,153471.0245828571,36022.97216431494,10530.571351821505,4632.7628824698,2982.4656876623576,2549.7325427922947,2119.543231127965,1
5817698.3475673795,2530244.590551612,1155892.4161849732,667413.4900376567,452130.1614784192,317446.4802928089,238057.52107881705,173984.6293036476,1
749326.0157647001,195329.2199104424,47897.25820636561,21351.971495641024,6750.233942676416,3495.166061561418,2967.7504990343273,5319.882765825868,1
5182101.580269781,1867732.0216167655,863830.9871387748,494750.48585057765,304587.7144353888,214758.6220497455,157404.5194994535,115196.51426163076,1
303995.42517647124,229961.5822200753,154624.39431029873,101936.1610842824,71593.50002839667,56783.97351776789,53712.54308199954,47244.649220728614,1
326999.6696472679,115460.36998583195,28627.33659478671,9474.686270383274,4549.036253732469,3799.05404390999,2663.421044203516,2462.39669053544,1
590984.6709979324,314439.81166636024,305690.28710352286,330492.38655386545,161065.48812378687,120555.2710601086,121712.91079220269,49778.77393334061,1
381643.98602097214,142467.9830860059,35849.15532520849,10775.666058360894,4932.936220180988,3445.198637338065,2910.1583504267505,2438.611182369695,1
853213.439408259,138083.50706941422,27937.169063591708,7241.131342481173,3485.4224670563904,2620.3102990149882,2281.8752314736257,1941.999848726013,1
3081474.3193598506,1292555.7020258629,590953.9634326989,352631.6236345568,224130.9276727057,158587.98869784825,122145.73496611744,86543.31626934465,1
5353963.519902296,2271493.445869142,1035000.8475122356,602253.6863178035,386169.8783916276,277617.4492104959,200632.1285491673,141511.5123206771,1
6333976.686117416,2959300.9244536255,1361444.1129536845,806927.4798678248,504264.58750804106,349385.52707674867,258733.17610117447,182815.66298992184,1
805109.2600427653,142769.43390487134,25628.559770937412,7974.418736586366,8000.965550502662,43964.24747292379,9360.659541540785,2193.8284465507713,1
447456.1734925523,125516.56271120952,31768.80921791649,11647.855305322078,4468.019233476827,3004.7064661524932,2523.888209623605,2198.8283895555146,1
7475719.758139888,2405323.750749967,1230039.0723868178,655165.6354753085,404059.17905425717,287007.400621754,208361.41615108098,143894.0547010393,1
830227.2596476554,450901.2362503228,258073.1765538781,107513.16483575448,56523.49935429747,44425.194053942854,29527.387605833454,15863.330391168116,1
424749.08568734094,125021.78389464397,30617.395516415403,8804.11954927013,3951.8599420017317,2814.5491911558233,2370.687422406329,2158.7969788544247,1
10336875.307894215,4783226.95215706,2257811.13160958,1482859.7092254022,982080.2952657626,627882.2816680858,409121.991556464,287019.0703437679,1
7238551.744780916,3007047.9823514307,1410972.9804836882,817198.4173637367,538056.3150596353,377666.47143526725,272846.7528451686,184571.5740867195,1
837131.6218583292,221802.46505740122,95163.934292619,71759.89269000315,72157.14498506101,60603.28621982954,60801.947296860126,41330.66987334231,1
633697.2835042502,551899.8725511424,287582.9252375336,133816.8410905567,81375.15976042605,78670.97720297343,39796.49165087965,42735.64840776865,1
1847349.4627932287,1614120.8231385027,650138.6256608908,335254.51525300066,253400.2634688013,196262.47329232792,147869.17799600086,113652.20745786525,1
6375093.170808206,2326473.155798277,1097963.0459232621,623643.485521314,391311.17699709086,284682.1262863674,214948.10691040778,144936.1922798215,1
106996.67709764768,44020.94332116847,26011.979776282154,17795.828141565995,16889.284364921983,20006.242289662183,11111.01505668231,5664.821680614411,1
268957.8034998012,74289.35852021734,18648.480730939355,6428.125834250692,2315.658180023582,1526.8448964542035,1264.0977691194726,1147.629473304548,1
1479393.463326198,532095.2065022115,284873.45597775874,260352.98906665097,121178.19994239969,84616.35994946586,72774.01929089903,61716.36809075415,1
757945.4657224568,126779.79794120755,26553.852664838734,7113.769398576323,3340.1320507547634,2676.8438232830626,2322.9657267360676,1947.2613242344073,1
1188577.0884834898,1175317.370322135,411682.19892103004,224284.73551727738,149151.47382311634,108496.09779099688,78318.54010288794,60662.1146582593,1
917946.6500237525,167979.49512957223,33367.71148522704,8576.632135623042,4037.5578915615383,2986.996895825757,2659.1189768260824,2141.4513901395712,1
1104565.2267256337,203488.731149766,50862.837567236915,15783.50365239929,9820.335253618216,4885.331670472499,5625.058358517075,4907.149102739206,1
1289005.577200122,270741.28684989916,70480.98929433049,27345.949512633764,27128.44026205883,12946.439094558975,8199.737962039475,9133.032250044569,1
531364.1467685897,181388.41998998603,54350.757811954296,18517.528910634162,11406.048892868259,7625.744606756897,8861.285018321967,4473.147829541509,1
594315.1122141195,389808.42506684974,154899.00386564306,49280.079964601704,41286.68945870295,35833.29761337647,19276.58341678308,13266.337317911386,1
8120646.590397852,2738999.5544459447,1327280.3293302006,718360.0692062575,475076.095286705,348049.46330068476,255256.1916118986,186750.90801092528,1
399937.70393562363,121509.28420068067,31674.518776115525,10437.004690243963,4438.245787881016,2890.2046379616536,2593.88940532641,2218.7347305420817,1
8033064.035146532,3137914.380420338,1472730.1507559484,820998.0979720735,536902.2330010297,370930.4252819967,271067.6947854525,190441.93325563753,1
340525.57864561625,78618.16853005099,18378.970306028135,4746.933285633174,2041.224218543104,1503.8388700334353,1311.4362111652445,1118.6391479380475,1
4041611.1877634767,1704093.907062825,782552.2939667805,438214.51561080076,283378.30700233026,205957.2265314539,145294.07165897783,104481.70135525572,1
569257.1797489157,128304.15953732356,29705.756542209216,8320.60225211868,3908.8461477438655,2784.989316693045,2358.9429172957966,1968.502640084528,1
407115.9205870621,135732.2875915411,33335.85003567281,9635.295387464128,4409.505740709936,2947.9801515398167,2509.85490138579,2186.78381749512,1
8337048.188026588,3648962.345711518,1642249.554441493,961581.6801025729,594473.1809993463,450296.5096006544,336109.289948568,257481.84575876594,1
1977597.0031707303,505035.4282918553,139985.85048001652,63097.81393819979,48921.60137212351,27363.31284937525,22290.321083663614,18586.923485155254,1
649759.8648992655,130355.42311083229,29052.537514071377,7259.471889654275,3299.916483289021,2437.2350412446726,2138.521670354409,1842.3202342564373,1
686924.7638382212,205374.01303205834,47567.12813996791,13698.908594945422,6402.704999554445,4046.8197277631784,2834.433729948957,2321.5474453676784,1
535829.5491338348,136803.406426177,33920.686950185,10374.188052208492,4939.696735600621,3160.3080081996713,2620.8622486238814,2250.012276232432,1
841464.410579873,248284.92250797202,53645.006780431424,13561.639228302101,5281.871261055274,4182.75524798705,3414.259116014333,2762.6804556155944,1
689012.4363968819,152856.91856512357,35837.752060482715,13674.126345897397,4501.985857705753,2835.1663906815947,2376.949320612176,2111.166923969092,1
794541.1052215773,125478.23729885356,26533.671761215417,6754.628324697342,3156.840398578919,2467.7469850516554,2126.524199822199,1879.2149965433603,1
2415044.991515652,790483.2476712269,459516.21681309526,263913.0757896584,207239.3742680536,165061.0210385999,110896.8142734791,88695.46327530727,1
717573.8204917713,268330.77680327307,90806.47409400073,30910.370048762394,18134.51731666175,19715.820285028243,14119.615794470981,7608.717848489173,1
804535.5943581393,182765.94937586586,43170.265537585,14128.340918803746,4717.457649961857,3709.715362559267,3824.642742077935,3122.2947202929,1
434457.2869151852,168271.3762556636,49701.78524388131,16404.821850309447,8168.98251401284,8251.551879591792,7221.624026492718,4795.222703305699,1
568099.9390643813,201572.36901116674,97242.46073892468,95466.14604235475,32977.47853517542,18711.551543961155,15119.029095937101,12766.788165451162,1
14018598.63926369,4995518.334057006,2250857.0424689497,1243039.0000292512,754237.054386672,547793.536332592,419799.4369064549,327261.613212802,1
499483.1919930287,183556.30064244717,44014.37545625352,13511.155237281268,5621.519954814714,3725.8261110334497,2944.1850506999667,2475.6167580136994,1
683804.3256078189,117651.47545535323,24095.36149073934,6180.429042362645,2834.0446414606668,2289.8215749173055,2001.3008647595932,1704.470443670807,1
667388.2794241954,293042.31981523585,154484.8820261102,123911.38945480205,108692.69557112207,77342.1974814454,46497.94783280548,26803.326322097095,1
479183.7073779742,130682.29897827702,32652.63510251466,9475.54324562709,4385.843588884085,3104.290241569526,2664.942535400719,2202.9626803337424,1
516287.8431454091,109153.47212879198,21406.869004300763,6886.975695834172,3406.459580496718,2504.4212159096255,2159.59360063651,1787.4306515641376,2
669391.2213097132,205618.7251374785,151875.65932919295,166484.10360705244,118940.41662331346,79105.09254546947,42102.15593956679,29249.233833436272,2
128481.04519386323,45249.60840123613,12992.149717951168,5341.563990695488,3311.101026818061,2621.5349418895225,2512.0885036112163,1982.827014049214,2
65875.04138901684,28156.413977202337,7790.772798962054,4020.0860245227877,2888.460161100676,2579.4228599796756,2247.672513502016,1888.815590952467,2
203510.39192642018,188141.8018709969,132030.88768401073,84987.29736269522,28454.144933731513,19690.054140513697,15096.059364684023,9448.599934390217,2
385497.6874768091,99671.49576730643,20668.116606725147,7608.801601151388,3492.5867666044232,2608.3843806297946,2289.6529446758245,1877.6957192524064,2
1117993.9609629884,1132767.8120380559,481325.8595340816,194593.08460712634,129160.8786016732,96769.16396183809,66943.72082639417,38529.28517773979,2
772189.8243268841,541238.771800711,198397.4541063144,91071.85400523375,62245.14362236325,38981.70558245876,29306.729086630217,23428.204313233146,2
835561.7193942342,213924.70034330705,94227.19632768471,168816.16424280906,322441.79214652476,147623.44906146365,38522.43400969979,65217.464671433125,2
164141.26616861543,146422.1360814834,41260.907560096275,9259.658032813753,4127.890641220782,2896.9422225710186,2288.17426246887,2001.2170302019026,2
3841619.299616729,1567202.1436774142,664119.5361373244,409908.6303099347,269014.0578964156,196611.90621886085,152704.0433576297,91761.0251422481,2
376192.6196676256,118739.56332117946,77673.28148294432,29874.90993184415,13645.609560671825,10631.861043358555,6574.7239473817335,5210.532097310362,2
468943.3886344704,96242.13304059277,20763.846469766504,6088.476521235172,3257.085258493024,2415.6319004663474,2220.2124680316756,1858.0930515775804,2
442827.90517276205,147715.1275629732,83201.51566478513,40014.78117397212,22179.197293776357,11681.007236346233,12310.751708666316,13532.065015860084,2
996051.6036956874,564133.9657208127,691224.0282720737,241668.19325480534,125645.22687868947,102559.31949794148,80488.7182524878,85921.8656671232,2
594853.1332900842,369362.2182211207,490726.6715539593,434887.8477846859,204676.2591869274,143992.566115632,105991.15211613089,74623.75635182376,2
326397.26800472033,124741.99354929975,21270.9782927123,7067.05670020589,3686.487275451048,2466.7790733599168,2170.0008078507817,1816.6089350775942,2
214537.75597644388,71595.0036166014,23356.912864698133,8795.769531268688,4636.183686141887,3202.97387967325,2638.439115472787,2002.1635880827137,2
1610374.2056109745,605290.8603112256,273628.4064176519,142875.54693372923,115088.8446664064,88182.50295552882,59865.51672990706,50434.36974375242,2
962642.7246965229,365310.42764617706,350938.3517553735,262494.2265901687,127024.70288762824,66989.81095129203,76501.85326246804,56983.42858780634,2
2356554.524434225,1683647.7961737032,975142.1575604845,563786.3693158859,469153.5792039774,292210.01383637043,210098.31566006807,140503.1652660852,2
86362.25468011759,59065.79900199372,25895.268161517677,11908.835910935293,5836.938527029971,3832.4384874576413,3281.8527524780966,2403.660811499059,2
1206325.545751167,333279.89674000436,120642.28691437995,128182.43543202315,72293.0468044585,45643.657653200404,38607.33262497138,29818.898976422843,2
323200.9198199974,57648.60483371009,15391.395017832892,5328.636820739172,2609.2501109659684,1904.1629744262002,1745.7517388050603,1501.949577550243,2
214773.9535139643,141483.7246476289,131373.1771518337,118566.03732816517,114165.72492137722,93351.94180608125,70121.13658459687,59272.36261582624,2
55027.9039212296,28845.214297927665,8912.291717677906,4672.502456229474,3077.0000669763585,2583.8957645163046,2368.865029211674,1961.018353412139,2
611314.6123703724,108161.81469245699,22066.56669618764,6522.525832592995,3395.847146321358,2528.863358823961,2210.836812031391,2171.8205039796844,2
289350.685882597,103445.90331184011,25723.35113783777,8808.424111167438,4554.067504295198,3865.040481955594,4302.01333730574,1979.4946881536625,2
339974.8985275882,172551.08186751758,99051.15679753986,33438.137507135914,12171.100925636318,7024.242483061269,4369.977764370245,3097.4005636353427,2
351976.7309472145,61707.57003772326,12248.017290495067,4053.929239789388,2503.4556386103836,1927.2659417222023,1887.8930174074596,1472.0094685466706,2
164459.79424790948,46960.82197450382,9900.439922106578,3854.1271601989165,2501.4843071195332,2130.1581820504066,1965.5893741847156,1653.0277212923688,2
299895.15831071575,119662.24623962819,69336.82993371996,37706.82294520425,17525.18521992979,12112.353091990048,5201.259182284319,3593.4186595768233,2
178698.23993673545,70413.67981915122,24261.422731308663,10450.12190208649,5323.807512815254,3833.7717714738455,4195.547318045028,4109.208376489773,2
292437.65547311306,67861.52144181798,16562.871729462397,5752.186666098053,2989.703700417252,2162.5817198144964,2088.6543474575165,1539.9565636836362,2
437562.11258292233,92877.79135060249,28417.30351769536,11708.006042109604,5143.006899545985,3533.791193602501,2928.530793921404,2116.9122398432255,2
951854.704314581,185528.33414758218,31213.05810455541,11633.081358884978,7268.923570759236,3454.8153675791427,4479.217777184412,4713.041232732266,2
750049.2433642189,223544.13633229196,78480.41670667319,47425.72468234526,32898.59539795243,22933.693702167453,35660.23715364306,29394.25211153685,2
409023.26434946124,68055.32173519956,20315.942291168245,7603.997816701977,3715.1909404555163,3183.1383160346913,2421.5819923556783,2020.4555182631498,2
560717.7412442291,761584.9641735328,271401.85819373676,183092.18154140294,85054.23477257865,76564.4512473066,69994.57322484466,58928.541707415985,2
206963.50569170594,108498.7988222174,42517.57643880306,20546.367917705185,9093.080921249586,7029.703005259613,4104.940487389864,3006.810549121587,2
238782.65415194284,47081.18964362383,10956.285691493667,3947.048382839897,2350.6433599272295,1944.2363579346015,1812.7579025685116,1544.6757741923698,2
433491.6650951753,230395.4682559788,103666.67847174635,49326.567282857206,20262.926923379513,12028.1995301087,10083.84906848875,9588.316707172713,2
143076.29147555193,34774.421686017326,8028.754391752219,3549.007441796248,2430.363436627937,2100.164028198393,1984.419916261362,1677.189201811134,2
1912507.963557287,1145776.8376372252,506624.9780516222,304165.5238984399,205733.65068790334,137000.98572273337,101408.42994351643,75737.0415582271,2
228822.95260398707,103388.47697127645,167037.09223018083,780731.500164902,288151.8782821284,59962.39034236819,54313.32900262145,40884.07833480778,2
138296.4374498498,61771.6381358733,39592.15634181141,18943.269632874693,8867.752026450591,6542.005307803606,4991.679097465442,3708.6930145523265,2
491195.2973653171,132917.44883047568,34306.406239721495,10663.535720480648,4590.19742606054,3300.182096055316,2833.398389817296,2274.295073942528,2
78844.16285311425,27896.898324547834,6600.415290907583,3306.34447764386,2377.6696942776216,2007.842586371051,1933.3297939984623,1639.177555884136,2
7043040.512309159,2369573.574268744,1446599.5572555773,640889.1261751003,497146.90980376326,299579.882692953,294423.8899256498,206957.90590502205,2
60550.104212776285,39441.48159079236,31830.159802363152,14385.78991303781,7484.85853963647,4583.746568168018,3102.6231364462,2124.04110719024,2
49006.07288097449,20836.98803401457,6135.556279887702,3366.2663833946763,2374.3834112928153,2075.0302038941018,1952.5928728537565,1699.4449324556633,2
376581.0137520967,78876.51309802722,15103.548812448804,4991.401075633506,2985.7696700745732,2097.3840025668183,1958.4373619576575,1569.2932350712688,2
1172788.7438313947,195308.72587949567,41512.446245225125,13371.570677042488,8390.743331655991,6616.2874547444635,7163.551524919596,6627.553128122496,2
1600795.165940223,267349.90356562653,120119.15279203016,53344.404783766535,38688.02947392241,22826.946846022016,19391.82556482565,12367.890977609624,2
451570.03466234874,254717.99751644308,213945.1096760415,148754.59401289842,105448.96819278684,76089.31838758457,37180.630653978544,31187.770486514317,2
160027.6372192141,73446.2315258183,42231.58776775028,18032.07158325475,8412.612950209834,5653.663234246446,4058.9670808938986,2863.283609218249,2
1049053.5905175912,763880.4250192835,284145.0723391995,169151.35115174603,133974.39476328203,85960.97411202494,60138.12634609211,53726.477815578524,2
134261.85850925458,112967.10949740058,79040.73918781415,33774.67100664909,26865.84816784066,15649.089282450488,14536.856299847568,12772.604928126248,2
254677.08950544658,131828.01202317906,87329.869063594,31600.031238880365,23676.693823268768,15699.745188965138,11846.870649725235,6528.5298115034475,2
424604.14324190194,156074.02853550634,33413.2512494207,10994.902517472714,4800.991054570548,3224.2515435227647,2511.6489459398376,2121.238668320965,2
754651.8142721979,127505.66551138434,23913.572892253567,8632.017259952327,5011.547414399672,3738.4554495197594,3436.1396241558205,3120.902454462269,2
594567.9859028931,147330.24011916743,28439.56609255784,11340.549016537785,5995.43622956714,3512.085511332846,2884.541500043329,3312.8243096624024,2
645509.9824047051,180933.00034646076,59409.29485558657,22468.15269250387,10301.357150157643,5822.929524711192,4271.667698551993,3320.6140724258203,2
1313810.3254364308,882215.4136818084,453167.09373931633,334431.4881505193,187140.24488877668,223315.979523816,157733.0698402843,70364.4396397774,2
447109.8814807974,120317.38766662996,21519.211579696457,6517.2754518838765,3720.714568723793,2551.865368105125,2519.3863548716427,3065.252356701463,2
196328.9233501795,45839.92641653936,9997.522776961036,3791.8463690124677,2228.4908009289425,1797.5928615845476,1638.9786806269026,1401.805832295027,2
28143.667558078196,15039.872577858969,7056.31578915024,3256.4141197490153,1571.2555186084464,978.4429071413068,854.9691654075336,653.1023471870627,2
289402.41290890845,64392.542161167505,58209.32532376307,49536.923709544666,43337.086101319626,53833.51845375908,9131.384869808244,8869.093828992301,2
139232.15078316614,69960.45142210052,14729.418552050163,5757.175221655179,3640.7561171716898,2681.2311456027405,2414.0723435171453,1895.0633933657914,2
115515.20997454431,33614.943483013594,7600.057014351473,3452.129008036297,2393.5397470020825,2016.4366283248744,1987.0116405715528,1691.8444258722652,2
120616.39359632762,80200.30067655865,42765.525970614945,17302.406078258806,8537.699667031127,6461.944661088524,4121.407697973623,2959.1018541638623,2
451261.4374354981,72398.91409766911,15890.72844906965,4811.124997823068,2805.750154196621,2417.3134174866314,2341.1147073144825,1651.8516625300354,2
824478.2443341273,150870.94684797485,32766.812601053738,12081.22046323823,5807.10817549038,4760.856053933387,3040.381535687067,2518.3626155468623,2
81123.7767040247,36677.652251702886,14986.876220574655,6480.089802649113,3832.5279325037673,3016.7067846026225,2626.587714454697,2109.012254943761,2
353931.3190716194,113191.87926730124,27513.702146496325,9786.608293969937,4394.194020279935,2865.785679698815,2515.206898661536,2137.265996234027,2
96350.37131329872,32239.326436872463,7581.543882356186,3597.9152514064344,2630.7709555291003,2233.4169603572336,2178.711698126657,1837.001634907761,2
370506.5814205531,323996.7540014526,102129.83055882102,52349.42918411313,97419.21330118272,61028.15420827679,68204.85929258727,34036.21631943186,2
534256.6787444168,211619.27003569689,102783.79659200688,43213.19907271104,20572.58636316532,15421.285231330638,14927.849651714258,21948.993292244166,2
926473.7309728824,228236.43956762235,128283.15946389265,85895.61491421839,73169.29684098059,68139.39095653089,46757.272681942064,25012.87307860941,2
70353.00457108053,43659.73632506545,9970.033221581776,4410.071163757328,2959.3255933398295,2475.338642051035,2322.9362004580257,1963.1482347018461,2
1829579.6071504904,592863.9768012363,414266.22569315316,362988.8339707571,194557.7316678289,129103.72937920454,96905.16236440314,92020.05838089813,2
556136.0353897206,106233.86051518681,20998.0239332225,6308.343534888046,3188.78304667927,2454.946144364741,2191.145053223567,1873.2200776029492,2
412496.03679142613,105401.87647676436,21095.362540910442,8000.9347259793885,4606.828373672414,2485.6783265795802,2155.7286656883257,1827.5551316423882,2
1091397.411762638,565311.1332351649,533881.9036422258,1067273.9263715106,472962.7228536721,187557.90839432977,221049.3647644482,213898.11090764013,2
196232.53155357618,84147.39939528827,49359.97738880938,21401.48669459144,9690.192211551663,6206.0001527090035,4490.68970487241,3833.5529270961592,2
386539.5632420979,146447.24385941387,26718.461623712396,8356.447724360763,4426.531362117748,3085.9455282788585,2605.456716292225,2252.051651155936,2
118527.72829898048,52808.067457677025,29971.716592183257,13091.543305388639,6347.577840642985,4457.223741528841,3326.8591109677213,2417.5732550647695,2
96408.97303845437,44913.55763350022,16534.801612717845,7135.962392970575,4287.623498637444,3481.924515189173,2833.6927080879955,2248.0428014832873,2
491562.74196665874,81955.12637218696,18313.37552074265,5549.298944697708,3084.963230978913,2291.392889085598,2093.6469947713426,1808.5792714676736,2
647575.7102184437,317180.5604079251,352604.82706223795,198375.13782092487,134446.9784717764,97076.74998537893,63749.3169595961,56721.55750289911,2
2640440.940067877,849911.1694779061,463332.3560497283,217568.26405716038,158448.50337640167,129879.73922481816,77710.8275346874,54944.5262867995,2
254657.14358067256,78557.2623624084,15988.888568366041,5278.032002670129,2911.940549987262,2277.945672109709,2048.569105504972,1672.8373761953353,2
2159931.642886066,470560.88953466783,162726.3203347958,105288.75985365504,68725.63323940542,66017.38173226714,41028.78971917899,28181.200343070806,2
687885.8310115327,123238.6219479938,25232.17631831497,7976.122350344382,4084.438626006521,3092.626041974703,2737.073240740197,2323.189257427992,2
1360088.3527088112,414425.1755535381,290813.22477472434,168556.51112181574,102165.21811262377,79127.2390899948,80519.9082062906,48445.41797009949,2
331762.14328708395,91702.09011507883,19422.46712309484,6222.465200922401,4339.109547515662,2551.466317912361,2003.1972432391365,1646.2831038383345,2
237108.40447136408,88305.05348896512,52730.40891385415,21683.714003491812,10087.393083941572,6361.812826243042,4226.70811521484,2932.0590314007704,2
268470.52226950956,155956.76032539853,26898.27287940117,11491.688903622222,4309.748479465699,3528.022924086126,2884.5887264214925,3827.6039314761983,2
950429.5521849834,431045.3926720234,133064.227986834,85746.91553832433,57220.29967672961,36365.461749270195,26108.388715710556,18052.95791849189,2
630667.8120219642,353805.8701581714,150051.02269585032,72653.54664646031,41073.34970456877,36745.155919491524,31271.466716146875,24519.066742242,2
